RECORD_ID,main_image,gallery,gallery,gallery,gallery,gallery,plp_cards
OD0001001+_202500,DSC_OD0001001_3_GHO_Orphan.png,DSC_OD0001001_1_GHO_Orphan.png,DSC_OD0001001_2_GHO_Orphan.png,,,,
OD0001002+_202500,DSC_OD0001002_0_GHO_Orphan.png,DSC_OD0001002_0_GHO_Orphan.png,DSC_OD0001002_1_GHO_Orphan.png,DSC_OD0001002_2_GHO_Orphan.png,,,
OD0001003+_202500,DSC_od0001003_0_GHO_Orphan.png,DSC_od0001003_0_GHO_Orphan.png,DSC_OD0001003_1_GHO_Orphan.png,DSC_OD0001003_2_GHO_Orphan.png,,,
OD0001004+_202500,DSC_OD0001004_0_GHO_Orphan.png,DSC_OD0001004_0_GHO_Orphan.png,DSC_OD0001004_1_GHO_Orphan.png,DSC_OD0001004_2_GHO_Orphan.png,,,
OD0001005+_202500,DSC_OD0001005_0_GHO_Orphan.png,DSC_OD0001005_0_GHO_Orphan.png,DSC_OD0001005_01_GHO_Orphan.png,DSC_OD0001005_2_GHO_Orphan.png,,,DSC_OD0001005_0_PLP_Orphan.png
OD0001006+_202500,DSC_OD0001006_3_GHO_Orphan.png,DSC_OD0001006_1_GHO_Orphan.png,DSC_OD0001006_2_GHO_Orphan.png,,,,
OD0001007+_202500,DSC_OD0001007_0_GHO_Orphan.png,DSC_OD0001007_0_GHO_Orphan.png,DSC_OD0001007_1_GHO_Orphan.png,DSC_OD0001007_2_GHO_Orphan.png,,,
OD0001008+_202500,DSC_OD0001008_0_GHO_Orphan.png,DSC_OD0001008_0_GHO_Orphan.png,DSC_OD0001008_1_GHO_Orphan.png,DSC_OD0001008_2_GHO_Orphan.png,,,
BS0001009+_202600,DSC_BS0001009_0_GHO_Bender.png,DSC_BS0001009_0_GHO_Bender.png,DSC_BS0001009_1_GHO_Bender.png,DSC_BS0001009_2_GHO_Bender.png,DSC_BS0001009_0_MOD_Bender.png,,
BS0001010+_202600,DSC_BS0001010_0_GHO_Bender.png,DSC_BS0001010_0_GHO_Bender.png,DSC_BS0001010_1_GHO_Bender.png,DSC_BS0001010_2_GHO_Bender.png,DSC_BS0001010_0_MOD_Bender.png,,
BS0001011+_202600,DSC_BS0001011_0_GHO_Bender.png,DSC_BS0001011_0_GHO_Bender.png,DSC_BS0001011_1_GHO_Bender.png,DSC_BS0001011_2_GHO_Bender.png,DSC_BS0001011_0_MOD_Bender.png,,
BS0001012+_202600,DSC_BS0001012_0_GHO_Bender.png,DSC_BS0001012_0_GHO_Bender.png,DSC_BS0001012_1_GHO_Bender.png,DSC_BS0001012_2_GHO_Bender.png,DSC_BS0001012_0_MOD_Bender.png,,
BS0001013+_202600,DSC_BS0001013_0_GHO_Bender.png,DSC_BS0001013_0_GHO_Bender.png,DSC_BS0001013_1_GHO_Bender.png,DSC_BS0001013_2_GHO_Bender.png,DSC_BS0001013_D1_GHO_Bender.png,DSC_BS0001013_0_MOD_Bender.png,DSC_BS0001013_0_PLP_Bender.png
BS0001015+_202600,DSC_BS0001015_0_GHO_Bender.png,DSC_BS0001015_0_GHO_Bender.png,DSC_BS0001015_1_GHO_Bender.png,DSC_BS0001015_2_GHO_Bender.png,DSC_BS0001015_0_MOD_Bender.png,,
BS0001016+_202600,DSC_BS0001016_0_GHO_Bender.png,DSC_BS0001016_0_GHO_Bender.png,DSC_BS0001016_1_GHO_Bender.png,DSC_BS0001016_2_GHO_Bender.png,DSC_BS0001016_0_MOD_Bender.png,,
QN0001017+_202600,DSC_QN0001017_3_GHO_Quantum.png,DSC_QN0001017_1_GHO_Quantum.png,DSC_QN0001017_2_GHO_Quantum.png,,,,
QN0001018+_202600,DSC_QN0001018_0_GHO_Quantum.png,DSC_QN0001018_0_GHO_Quantum.png,DSC_QN0001018_1_GHO_Quantum.png,DSC_QN0001018_2_GHO_Quantum.png,,,
QN0001019+_202600,DSC_QN0001019_0_GHO_Quantum.png,DSC_QN0001019_0_GHO_Quantum.png,DSC_QN0001019_1_GHO_Quantum.png,DSC_QN0001019_2_GHO_Quantum.png,,,
QN0001020+_202600,DSC_QN0001020_0_GHO_Quantum.png,DSC_QN0001020_0_GHO_Quantum.png,DSC_QN0001020_1_GHO_Quantum.png,DSC_QN0001020_2_GHO_Quantum.png,,,
QN0001021+_202600,DSC_QN0001021_0_GHO_Quantum.png,DSC_QN0001021_0_GHO_Quantum.png,DSC_QN0001021_1_GHO_Quantum.png,DSC_QN0001021_2_GHO_Quantum.png,,,
ET0001022+_202600,DSC_ET0001022_0_GHO_Existential.png,DSC_ET0001022_0_GHO_Existential.png,DSC_ET0001022_1_GHO_Existential.png,DSC_ET0001022_2_GHO_Existential.png,,,DSC_ET0001022_0_PLP_Existential.png
ET0001023+_202600,DSC_ET0001023_3_GHO_Existential.png,DSC_ET0001023_1_GHO_Existential.png,DSC_ET0001023_2_GHO_Existential.png,,,,DSC_ET0001023_0_PLP_Existential.png
ET0001024+_202600,DSC_ET0001024_0_GHO_Existential.png,DSC_ET0001024_0_GHO_Existential.png,DSC_ET0001024_1_GHO_Existential.png,DSC_ET0001024_2_GHO_Existential.png,,,
ET0001025+_202600,DSC_ET0001025_0_GHO_Existential.png,DSC_ET0001025_0_GHO_Existential.png,DSC_ET0001025_1_GHO_Existential.png,DSC_ET0001025_2_GHO_Existential.png,,,
ET0001026+_202600,DSC_ET0001026_0_GHO_Existential.png,DSC_ET0001026_0_GHO_Existential.png,DSC_ET0001026_1_GHO_Existential.png,DSC_ET0001026_2_GHO_Existential.png,,,DSC_ET0001026_0_PLP_Existential.png
RY0001027+_202500,DSC_RY0001027_0_GHO_Reverse.png,DSC_RY0001027_0_GHO_Reverse.png,DSC_RY0001027_1_GHO_Reverse.png,DSC_RY0001027_2_GHO_Reverse.png,DSC_RY0001027_0_MOD_Reverse.png,,
RY0001028+_202500,DSC_RY0001028_0_GHO_Reverse.png,DSC_RY0001028_0_GHO_Reverse.png,DSC_RY0001028_1_GHO_Reverse.png,DSC_RY0001028_2_GHO_Reverse.png,DSC_RY0001028_0_MOD_Reverse.png,,
RY0001029+_202500,DSC_RY0001029_0_GHO_Reverse.png,DSC_RY0001029_0_GHO_Reverse.png,DSC_RY0001029_1_GHO_Reverse.png,DSC_RY0001029_2_GHO_Reverse.png,DSC_RY0001029_D1_GHO_Reverse.png,DSC_RY0001029_0_MOD_Reverse.png,
RY0001030+_202500,DSC_RY0001030_3_GHO_Reverse.png,DSC_RY0001030_1_GHO_Reverse.png,DSC_RY0001030_2_GHO_Reverse.png,DSC_RY0001030_0_MOD_Reverse.png,,,
RY0001031+_202500,DSC_RY0001031_0_GHO_Reverse.png,DSC_RY0001031_0_GHO_Reverse.png,DSC_RY0001031_1_GHO_Reverse.png,DSC_RY0001031_2_GHO_Reverse.png,DSC_RY0001031_0_MOD_Reverse.png,,
TS0001032+_202600,DSC_TS0001032_3_GHO_Turbo.png,DSC_TS0001032_1_GHO_Turbo.png,DSC_TS0001032_2_GHO_Turbo.png,DSC_TS0001032_0_MOD_Turbo.png,,,
TS0001033+_202600,DSC_TS0001033_3_GHO_Turbo.png,DSC_TS0001033_1_GHO_Turbo.png,DSC_TS0001033_2_GHO_Turbo.png,DSC_TS0001033_0_MOD_Turbo.png,,,DSC_TS0001033_0_PLP_Turbo.png
TS0001034+_202600,DSC_TS0001034_0_GHO_Turbo.png,DSC_TS0001034_0_GHO_Turbo.png,DSC_TS0001034_1_GHO_Turbo.png,DSC_TS0001034_2_GHO_Turbo.png,DSC_TS0001034_0_MOD_Turbo.png,,
TS0001035+_202600,DSC_TS0001035_0_GHO_Turbo.png,DSC_TS0001035_0_GHO_Turbo.png,DSC_TS0001035_1_GHO_Turbo.png,DSC_TS0001035_2_GHO_Turbo.png,DSC_TS0001035_0_MOD_Turbo.png,,
TS0001036+_202600,DSC_TS0001036_3_GHO_Turbo.png,DSC_TS0001036_1_GHO_Turbo.png,DSC_TS0001036_2_GHO_Turbo.png,DSC_TS0001036_0_MOD_Turbo.png,,,
TS0001037+_202600,DSC_TS0001037_0_GHO_Turbo.png,DSC_TS0001037_0_GHO_Turbo.png,DSC_TS0001037_1_GHO_Turbo.png,DSC_TS0001037_2_GHO_Turbo.png,DSC_TS0001037_0_MOD_Turbo.png,,
TS0001038+_202600,DSC_TS0001038_0_GHO_Turbo.png,DSC_TS0001038_0_GHO_Turbo.png,DSC_TS0001038_1_GHO_Turbo.png,DSC_TS0001038_2_GHO_Turbo.png,DSC_TS0001038_D1_GHO_Turbo.png,DSC_TS0001038_0_MOD_Turbo.png,
TS0001040+_202600,DSC_TS0001040_0_GHO_Turbo.png,DSC_TS0001040_0_GHO_Turbo.png,DSC_TS0001040_1_GHO_Turbo.png,DSC_TS0001040_2_GHO_Turbo.png,DSC_TS0001040_0_MOD_Turbo.png,,
PA0001041+_202500,DSC_PA0001041_0_GHO_Passive.png,DSC_PA0001041_0_GHO_Passive.png,DSC_PA0001041_1_GHO_Passive.png,DSC_PA0001041_2_GHO_Passive.png,DSC_PA0001041_0_MOD_Passive.png,,
PA0001043+_202500,DSC_PA0001043_3_GHO_Passive.png,DSC_PA0001043_1_GHO_Passive.png,DSC_PA0001043_2_GHO_Passive.png,DSC_PA0001043_D1_GHO_Passive.png,DSC_PA0001043_0_MOD_Passive.png,,
PA0001044+_202500,DSC_PA0001044_0_GHO_Passive.png,DSC_PA0001044_0_GHO_Passive.png,DSC_PA0001044_1_GHO_Passive.png,DSC_PA0001044_2_GHO_Passive.png,DSC_PA0001044_D1_GHO_Passive.png,DSC_PA0001044_0_MOD_Passive.png,
PA0001045+_202500,DSC_PA0001045_0_GHO_Passive.png,DSC_PA0001045_0_GHO_Passive.png,DSC_PA0001045_1_GHO_Passive.png,DSC_PA0001045_2_GHO_Passive.png,DSC_PA0001045_0_MOD_Passive.png,,
NL0001048+_202600,DSC_NL0001048_0_GHO_Nocturnal.png,DSC_NL0001048_0_GHO_Nocturnal.png,DSC_NL0001048_1_GHO_Nocturnal.png,DSC_NL0001048_2_GHO_Nocturnal.png,,,
NL0001049+_202600,DSC_NL0001049_3_GHO_Nocturnal.png,DSC_NL0001049_1_GHO_Nocturnal.png,DSC_NL0001049_2_GHO_Nocturnal.png,,,,
NL0001050+_202600,DSC_NL0001050_0_GHO_Nocturnal.png,DSC_NL0001050_0_GHO_Nocturnal.png,DSC_NL0001050_1_GHO_Nocturnal.png,DSC_NL0001050_2_GHO_Nocturnal.png,,,DSC_NL0001050_0_PLP_Nocturnal.png
NL0001051+_202600,DSC_NL0001051_0_GHO_Nocturnal.png,DSC_NL0001051_0_GHO_Nocturnal.png,DSC_NL0001051_1_GHO_Nocturnal.png,DSC_NL0001051_2_GHO_Nocturnal.png,,,DSC_NL0001051_0_PLP_Nocturnal.png
NL0001052+_202600,DSC_NL0001052_0_GHO_Nocturnal.png,DSC_NL0001052_0_GHO_Nocturnal.png,DSC_NL0001052_1_GHO_Nocturnal.png,DSC_NL0001052_2_GHO_Nocturnal.png,,,DSC_NL0001052_0_PLP_Nocturnal.png
NL0001053+_202600,DSC_NL0001053_0_GHO_Nocturnal.png,DSC_NL0001053_0_GHO_Nocturnal.png,DSC_NL0001053_1_GHO_Nocturnal.png,DSC_NL0001053_2_GHO_Nocturnal.png,,,DSC_NL0001053_0_PLP_Nocturnal.png
NL0001055+_202600,DSC_NL0001055_0_GHO_Nocturnal.png,DSC_NL0001055_0_GHO_Nocturnal.png,DSC_NL0001055_1_GHO_Nocturnal.png,DSC_NL0001055_2_GHO_Nocturnal.png,,,DSC_NL0001055_0_PLP_Nocturnal.png
NL0001056+_202600,DSC_NL0001056_3_GHO_Nocturnal.png,DSC_NL0001056_1_GHO_Nocturnal.png,DSC_NL0001056_2_GHO_Nocturnal.png,,,,
ES0001057+_202500,DSC_ES0001057_0_GHO_Emotional.png,DSC_ES0001057_0_GHO_Emotional.png,DSC_ES0001057_1_GHO_Emotional.png,DSC_ES0001057_2_GHO_Emotional.png,DSC_ES0001057_0_MOD_Emotional.png,,
ES0001058+_202500,DSC_ES0001058_0_GHO_Emotional.png,DSC_ES0001058_0_GHO_Emotional.png,DSC_ES0001058_1_GHO_Emotional.png,DSC_ES0001058_2_GHO_Emotional.png,DSC_ES0001058_0_MOD_Emotional.png,,DSC_ES0001058_0_PLP_Emotional.png
ES0001059+_202500,DSC_ES0001059_3_GHO_Emotional.png,DSC_ES0001059_1_GHO_Emotional.png,DSC_ES0001059_2_GHO_Emotional.png,DSC_ES0001059_0_MOD_Emotional.png,,,DSC_ES0001059_0_PLP_Emotional.png
ES0001061+_202500,DSC_ES0001061_0_GHO_Emotional.png,DSC_ES0001061_0_GHO_Emotional.png,DSC_ES0001061_1_GHO_Emotional.png,DSC_ES0001061_2_GHO_Emotional.png,DSC_ES0001061_D1_GHO_Emotional.png,DSC_ES0001061_0_MOD_Emotional.png,DSC_ES0001061_0_PLP_Emotional.png
ES0001063+_202500,DSC_ES0001063_0_GHO_Emotional.png,DSC_ES0001063_0_GHO_Emotional.png,DSC_ES0001063_1_GHO_Emotional.png,DSC_ES0001063_2_GHO_Emotional.png,DSC_ES0001063_0_MOD_Emotional.png,,
ES0001064+_202500,DSC_ES0001064_0_GHO_Emotional.png,DSC_ES0001064_0_GHO_Emotional.png,DSC_ES0001064_1_GHO_Emotional.png,DSC_ES0001064_2_GHO_Emotional.png,DSC_ES0001064_0_MOD_Emotional.png,,
ES0001065+_202500,DSC_ES0001065_0_GHO_Emotional.png,DSC_ES0001065_0_GHO_Emotional.png,DSC_ES0001065_1_GHO_Emotional.png,DSC_ES0001065_2_GHO_Emotional.png,DSC_ES0001065_0_MOD_Emotional.png,,
BS0001066+_202500,DSC_BS0001066_0_GHO_Baroque.png,DSC_BS0001066_0_GHO_Baroque.png,DSC_BS0001066_1_GHO_Baroque.png,DSC_BS0001066_2_GHO_Baroque.png,DSC_BS0001066_0_MOD_Baroque.png,,DSC_BS0001066_0_PLP_Baroque.png
BS0001067+_202500,DSC_BS0001067_0_GHO_Baroque.png,DSC_BS0001067_0_GHO_Baroque.png,DSC_BS0001067_1_GHO_Baroque.png,DSC_BS0001067_2_GHO_Baroque.png,DSC_BS0001067_D1_GHO_Baroque.png,DSC_BS0001067_0_MOD_Baroque.png,
BS0001068+_202500,DSC_BS0001068_0_GHO_Baroque.png,DSC_BS0001068_0_GHO_Baroque.png,DSC_BS0001068_1_GHO_Baroque.png,DSC_BS0001068_2_GHO_Baroque.png,DSC_BS0001068_0_MOD_Baroque.png,,
BS0001069+_202500,DSC_BS0001069_3_GHO_Baroque.png,DSC_BS0001069_1_GHO_Baroque.png,DSC_BS0001069_2_GHO_Baroque.png,DSC_BS0001069_D1_GHO_Baroque.png,DSC_BS0001069_0_MOD_Baroque.png,,
BS0001070+_202500,DSC_BS0001070_0_GHO_Baroque.png,DSC_BS0001070_0_GHO_Baroque.png,DSC_BS0001070_1_GHO_Baroque.png,DSC_BS0001070_2_GHO_Baroque.png,DSC_BS0001070_0_MOD_Baroque.png,,
BS0001071+_202500,DSC_BS0001071_0_GHO_Baroque.png,DSC_BS0001071_0_GHO_Baroque.png,DSC_BS0001071_1_GHO_Baroque.png,DSC_BS0001071_2_GHO_Baroque.png,DSC_BS0001071_D1_GHO_Baroque.png,DSC_BS0001071_0_MOD_Baroque.png,DSC_BS0001071_0_PLP_Baroque.png
BS0001072+_202500,DSC_BS0001072_0_GHO_Baroque.png,DSC_BS0001072_0_GHO_Baroque.png,DSC_BS0001072_1_GHO_Baroque.png,DSC_BS0001072_2_GHO_Baroque.png,DSC_BS0001072_0_MOD_Baroque.png,,
FC0001073+_202500,DSC_FC0001073_0_GHO_Feral.png,DSC_FC0001073_0_GHO_Feral.png,DSC_FC0001073_1_GHO_Feral.png,DSC_FC0001073_2_GHO_Feral.png,DSC_FC0001073_0_MOD_Feral.png,,DSC_FC0001073_0_PLP_Feral.png
FC0001074+_202500,DSC_FC0001074_0_GHO_Feral.png,DSC_FC0001074_0_GHO_Feral.png,DSC_FC0001074_1_GHO_Feral.png,DSC_FC0001074_2_GHO_Feral.png,DSC_FC0001074_0_MOD_Feral.png,,
FC0001075+_202500,DSC_FC0001075_0_GHO_Feral.png,DSC_FC0001075_0_GHO_Feral.png,DSC_FC0001075_1_GHO_Feral.png,DSC_FC0001075_2_GHO_Feral.png,DSC_FC0001075_D1_GHO_Feral.png,DSC_FC0001075_0_MOD_Feral.png,DSC_FC0001075_0_PLP_Feral.png
FC0001077+_202500,DSC_FC0001077_0_GHO_Feral.png,DSC_FC0001077_0_GHO_Feral.png,DSC_FC0001077_1_GHO_Feral.png,DSC_FC0001077_2_GHO_Feral.png,DSC_FC0001077_D1_GHO_Feral.png,DSC_FC0001077_0_MOD_Feral.png,
WU0001078+_202500,DSC_WU0001078_0_GHO_Wandering.png,DSC_WU0001078_0_GHO_Wandering.png,DSC_WU0001078_1_GHO_Wandering.png,DSC_WU0001078_2_GHO_Wandering.png,DSC_WU0001078_0_MOD_Wandering.png,,
WU0001079+_202500,DSC_WU0001079_0_GHO_Wandering.png,DSC_WU0001079_0_GHO_Wandering.png,DSC_WU0001079_1_GHO_Wandering.png,DSC_WU0001079_2_GHO_Wandering.png,DSC_WU0001079_D1_GHO_Wandering.png,DSC_WU0001079_0_MOD_Wandering.png,DSC_WU0001079_0_PLP_Wandering.png
WU0001080+_202500,DSC_WU0001080_3_GHO_Wandering.png,DSC_WU0001080_1_GHO_Wandering.png,DSC_WU0001080_2_GHO_Wandering.png,DSC_WU0001080_0_MOD_Wandering.png,,,
WU0001081+_202500,DSC_WU0001081_0_GHO_Wandering.png,DSC_WU0001081_0_GHO_Wandering.png,DSC_WU0001081_1_GHO_Wandering.png,DSC_WU0001081_2_GHO_Wandering.png,DSC_WU0001081_0_MOD_Wandering.png,,
WU0001082+_202500,DSC_WU0001082_0_GHO_Wandering.png,DSC_WU0001082_0_GHO_Wandering.png,DSC_WU0001082_1_GHO_Wandering.png,DSC_WU0001082_2_GHO_Wandering.png,DSC_WU0001082_D1_GHO_Wandering.png,DSC_WU0001082_0_MOD_Wandering.png,
SD0001083+_202600,DSC_SD0001083_0_GHO_Sentient.png,DSC_SD0001083_0_GHO_Sentient.png,DSC_SD0001083_1_GHO_Sentient.png,DSC_SD0001083_2_GHO_Sentient.png,,,
SD0001084+_202600,DSC_SD0001084_0_GHO_Sentient.png,DSC_SD0001084_0_GHO_Sentient.png,DSC_SD0001084_1_GHO_Sentient.png,DSC_SD0001084_2_GHO_Sentient.png,,,
SD0001085+_202600,DSC_SD0001085_0_GHO_Sentient.png,DSC_SD0001085_0_GHO_Sentient.png,DSC_SD0001085_1_GHO_Sentient.png,DSC_SD0001085_2_GHO_Sentient.png,,,DSC_SD0001085_0_PLP_Sentient.png
SD0001086+_202600,DSC_SD0001086_0_GHO_Sentient.png,DSC_SD0001086_0_GHO_Sentient.png,DSC_SD0001086_1_GHO_Sentient.png,DSC_SD0001086_2_GHO_Sentient.png,,,
SD0001087+_202600,DSC_SD0001087_0_GHO_Sentient.png,DSC_SD0001087_0_GHO_Sentient.png,DSC_SD0001087_1_GHO_Sentient.png,DSC_SD0001087_2_GHO_Sentient.png,,,DSC_SD0001087_0_PLP_Sentient.png
OP0001089+_202500,DSC_OP0001089_0_GHO_Overqualified.png,DSC_OP0001089_0_GHO_Overqualified.png,DSC_OP0001089_1_GHO_Overqualified.png,DSC_OP0001089_2_GHO_Overqualified.png,DSC_OP0001089_D1_GHO_Overqualified.png,DSC_OP0001089_0_MOD_Overqualified.png,
OP0001090+_202500,DSC_OP0001090_0_GHO_Overqualified.png,DSC_OP0001090_0_GHO_Overqualified.png,DSC_OP0001090_1_GHO_Overqualified.png,DSC_OP0001090_2_GHO_Overqualified.png,DSC_OP0001090_0_MOD_Overqualified.png,,DSC_OP0001090_0_PLP_Overqualified.png
OP0001091+_202500,DSC_OP0001091_0_GHO_Overqualified.png,DSC_OP0001091_0_GHO_Overqualified.png,DSC_OP0001091_1_GHO_Overqualified.png,DSC_OP0001091_2_GHO_Overqualified.png,DSC_OP0001091_D1_GHO_Overqualified.png,DSC_OP0001091_0_MOD_Overqualified.png,
OP0001092+_202500,DSC_OP0001092_3_GHO_Overqualified.png,DSC_OP0001092_1_GHO_Overqualified.png,DSC_OP0001092_2_GHO_Overqualified.png,DSC_OP0001092_0_MOD_Overqualified.png,,,
OP0001093+_202500,DSC_OP0001093_0_GHO_Overqualified.png,DSC_OP0001093_0_GHO_Overqualified.png,DSC_OP0001093_1_GHO_Overqualified.png,DSC_OP0001093_2_GHO_Overqualified.png,DSC_OP0001093_D1_GHO_Overqualified.png,DSC_OP0001093_0_MOD_Overqualified.png,
MD0001095+_202600,DSC_MD0001095_0_GHO_Melancholy.png,DSC_MD0001095_0_GHO_Melancholy.png,DSC_MD0001095_1_GHO_Melancholy.png,DSC_MD0001095_2_GHO_Melancholy.png,DSC_MD0001095_0_MOD_Melancholy.png,,
MD0001096+_202600,DSC_MD0001096_0_GHO_Melancholy.png,DSC_MD0001096_0_GHO_Melancholy.png,DSC_MD0001096_1_GHO_Melancholy.png,DSC_MD0001096_2_GHO_Melancholy.png,DSC_MD0001096_D1_GHO_Melancholy.png,DSC_MD0001096_0_MOD_Melancholy.png,DSC_MD0001096_0_PLP_Melancholy.png
MD0001097+_202600,DSC_MD0001097_0_GHO_Melancholy.png,DSC_MD0001097_0_GHO_Melancholy.png,DSC_MD0001097_1_GHO_Melancholy.png,DSC_MD0001097_2_GHO_Melancholy.png,DSC_MD0001097_0_MOD_Melancholy.png,,
MD0001098+_202600,DSC_MD0001098_3_GHO_Melancholy.png,DSC_MD0001098_1_GHO_Melancholy.png,DSC_MD0001098_2_GHO_Melancholy.png,DSC_MD0001098_0_MOD_Melancholy.png,,,
MD0001099+_202600,DSC_MD0001099_0_GHO_Melancholy.png,DSC_MD0001099_0_GHO_Melancholy.png,DSC_MD0001099_1_GHO_Melancholy.png,DSC_MD0001099_2_GHO_Melancholy.png,DSC_MD0001099_0_MOD_Melancholy.png,,
MD0001100+_202600,DSC_MD0001100_0_GHO_Melancholy.png,DSC_MD0001100_0_GHO_Melancholy.png,DSC_MD0001100_1_GHO_Melancholy.png,DSC_MD0001100_2_GHO_Melancholy.png,DSC_MD0001100_D1_GHO_Melancholy.png,DSC_MD0001100_0_MOD_Melancholy.png,DSC_MD0001100_0_PLP_Melancholy.png
MD0001101+_202600,DSC_MD0001101_0_GHO_Melancholy.png,DSC_MD0001101_0_GHO_Melancholy.png,DSC_MD0001101_1_GHO_Melancholy.png,DSC_MD0001101_2_GHO_Melancholy.png,DSC_MD0001101_D1_GHO_Melancholy.png,DSC_MD0001101_0_MOD_Melancholy.png,
MD0001102+_202600,DSC_MD0001102_3_GHO_Melancholy.png,DSC_MD0001102_1_GHO_Melancholy.png,DSC_MD0001102_2_GHO_Melancholy.png,DSC_MD0001102_D1_GHO_Melancholy.png,DSC_MD0001102_0_MOD_Melancholy.png,,DSC_MD0001102_0_PLP_Melancholy.png
AC0001104+_202600,DSC_AC0001104_0_GHO_Aggressive.png,DSC_AC0001104_0_GHO_Aggressive.png,DSC_AC0001104_1_GHO_Aggressive.png,DSC_AC0001104_2_GHO_Aggressive.png,DSC_AC0001104_D1_GHO_Aggressive.png,DSC_AC0001104_0_MOD_Aggressive.png,
AC0001105+_202600,DSC_AC0001105_3_GHO_Aggressive.png,DSC_AC0001105_1_GHO_Aggressive.png,DSC_AC0001105_2_GHO_Aggressive.png,DSC_AC0001105_D1_GHO_Aggressive.png,DSC_AC0001105_0_MOD_Aggressive.png,,DSC_AC0001105_0_PLP_Aggressive.png
AC0001106+_202600,DSC_AC0001106_0_GHO_Aggressive.png,DSC_AC0001106_0_GHO_Aggressive.png,DSC_AC0001106_1_GHO_Aggressive.png,DSC_AC0001106_2_GHO_Aggressive.png,DSC_AC0001106_0_MOD_Aggressive.png,,
AC0001108+_202600,DSC_AC0001108_0_GHO_Aggressive.png,DSC_AC0001108_0_GHO_Aggressive.png,DSC_AC0001108_1_GHO_Aggressive.png,DSC_AC0001108_2_GHO_Aggressive.png,DSC_AC0001108_D1_GHO_Aggressive.png,DSC_AC0001108_0_MOD_Aggressive.png,
AC0001109+_202600,DSC_AC0001109_0_GHO_Aggressive.png,DSC_AC0001109_0_GHO_Aggressive.png,DSC_AC0001109_1_GHO_Aggressive.png,DSC_AC0001109_2_GHO_Aggressive.png,DSC_AC0001109_D1_GHO_Aggressive.png,DSC_AC0001109_0_MOD_Aggressive.png,DSC_AC0001109_0_PLP_Aggressive.png
AC0001110+_202600,DSC_AC0001110_0_GHO_Aggressive.png,DSC_AC0001110_0_GHO_Aggressive.png,DSC_AC0001110_1_GHO_Aggressive.png,DSC_AC0001110_2_GHO_Aggressive.png,DSC_AC0001110_D1_GHO_Aggressive.png,DSC_AC0001110_0_MOD_Aggressive.png,DSC_AC0001110_0_PLP_Aggressive.png
AC0001111+_202600,DSC_AC0001111_3_GHO_Aggressive.png,DSC_AC0001111_1_GHO_Aggressive.png,DSC_AC0001111_2_GHO_Aggressive.png,DSC_AC0001111_D1_GHO_Aggressive.png,DSC_AC0001111_0_MOD_Aggressive.png,,
AC0001112+_202600,DSC_AC0001112_0_GHO_Aggressive.png,DSC_AC0001112_0_GHO_Aggressive.png,DSC_AC0001112_1_GHO_Aggressive.png,DSC_AC0001112_2_GHO_Aggressive.png,DSC_AC0001112_D1_GHO_Aggressive.png,DSC_AC0001112_0_MOD_Aggressive.png,
RL0001113+_202600,DSC_RL0001113_0_GHO_Recursive.png,DSC_RL0001113_0_GHO_Recursive.png,DSC_RL0001113_1_GHO_Recursive.png,DSC_RL0001113_2_GHO_Recursive.png,DSC_RL0001113_D1_GHO_Recursive.png,DSC_RL0001113_0_MOD_Recursive.png,
RL0001114+_202600,DSC_RL0001114_0_GHO_Recursive.png,DSC_RL0001114_0_GHO_Recursive.png,DSC_RL0001114_1_GHO_Recursive.png,DSC_RL0001114_2_GHO_Recursive.png,DSC_RL0001114_0_MOD_Recursive.png,,
RL0001115+_202600,DSC_RL0001115_0_GHO_Recursive.png,DSC_RL0001115_0_GHO_Recursive.png,DSC_RL0001115_1_GHO_Recursive.png,DSC_RL0001115_2_GHO_Recursive.png,DSC_RL0001115_0_MOD_Recursive.png,,
RL0001116+_202600,DSC_RL0001116_0_GHO_Recursive.png,DSC_RL0001116_0_GHO_Recursive.png,DSC_RL0001116_1_GHO_Recursive.png,DSC_RL0001116_2_GHO_Recursive.png,DSC_RL0001116_D1_GHO_Recursive.png,DSC_RL0001116_0_MOD_Recursive.png,DSC_RL0001116_0_PLP_Recursive.png
RL0001117+_202600,DSC_RL0001117_0_GHO_Recursive.png,DSC_RL0001117_0_GHO_Recursive.png,DSC_RL0001117_1_GHO_Recursive.png,DSC_RL0001117_2_GHO_Recursive.png,DSC_RL0001117_0_MOD_Recursive.png,,DSC_RL0001117_0_PLP_Recursive.png
RL0001118+_202600,DSC_RL0001118_0_GHO_Recursive.png,DSC_RL0001118_0_GHO_Recursive.png,DSC_RL0001118_1_GHO_Recursive.png,DSC_RL0001118_2_GHO_Recursive.png,DSC_RL0001118_0_MOD_Recursive.png,,
RL0001119+_202600,DSC_RL0001119_0_GHO_Recursive.png,DSC_RL0001119_0_GHO_Recursive.png,DSC_RL0001119_1_GHO_Recursive.png,DSC_RL0001119_2_GHO_Recursive.png,DSC_RL0001119_D1_GHO_Recursive.png,DSC_RL0001119_0_MOD_Recursive.png,
RL0001120+_202600,DSC_RL0001120_3_GHO_Recursive.png,DSC_RL0001120_1_GHO_Recursive.png,DSC_RL0001120_2_GHO_Recursive.png,DSC_RL0001120_D1_GHO_Recursive.png,DSC_RL0001120_0_MOD_Recursive.png,,
IH0001122+_202600,DSC_IH0001122_0_GHO_Invisible.png,DSC_IH0001122_0_GHO_Invisible.png,DSC_IH0001122_1_GHO_Invisible.png,DSC_IH0001122_2_GHO_Invisible.png,,,DSC_IH0001122_0_PLP_Invisible.png
IH0001123+_202600,DSC_IH0001123_0_GHO_Invisible.png,DSC_IH0001123_0_GHO_Invisible.png,DSC_IH0001123_1_GHO_Invisible.png,DSC_IH0001123_2_GHO_Invisible.png,,,DSC_IH0001123_0_PLP_Invisible.png
IH0001124+_202600,DSC_IH0001124_0_GHO_Invisible.png,DSC_IH0001124_0_GHO_Invisible.png,DSC_IH0001124_1_GHO_Invisible.png,DSC_IH0001124_2_GHO_Invisible.png,,,DSC_IH0001124_0_PLP_Invisible.png
IH0001125+_202600,DSC_IH0001125_0_GHO_Invisible.png,DSC_IH0001125_0_GHO_Invisible.png,DSC_IH0001125_1_GHO_Invisible.png,DSC_IH0001125_2_GHO_Invisible.png,,,
IH0001126+_202600,DSC_IH0001126_0_GHO_Invisible.png,DSC_IH0001126_0_GHO_Invisible.png,DSC_IH0001126_1_GHO_Invisible.png,DSC_IH0001126_2_GHO_Invisible.png,,,
IH0001127+_202600,DSC_IH0001127_0_GHO_Invisible.png,DSC_IH0001127_0_GHO_Invisible.png,DSC_IH0001127_1_GHO_Invisible.png,DSC_IH0001127_2_GHO_Invisible.png,,,
IH0001128+_202600,DSC_IH0001128_0_GHO_Invisible.png,DSC_IH0001128_0_GHO_Invisible.png,DSC_IH0001128_1_GHO_Invisible.png,DSC_IH0001128_2_GHO_Invisible.png,,,
IH0001130+_202600,DSC_IH0001130_3_GHO_Invisible.png,DSC_IH0001130_1_GHO_Invisible.png,DSC_IH0001130_2_GHO_Invisible.png,,,,
PT0001131+_202500,DSC_PT0001131_3_GHO_Procrastination.png,DSC_PT0001131_1_GHO_Procrastination.png,DSC_PT0001131_2_GHO_Procrastination.png,DSC_PT0001131_D1_GHO_Procrastination.png,DSC_PT0001131_0_MOD_Procrastination.png,,DSC_PT0001131_0_PLP_Procrastination.png
PT0001132+_202500,DSC_PT0001132_0_GHO_Procrastination.png,DSC_PT0001132_0_GHO_Procrastination.png,DSC_PT0001132_1_GHO_Procrastination.png,DSC_PT0001132_2_GHO_Procrastination.png,DSC_PT0001132_0_MOD_Procrastination.png,,
PT0001133+_202500,DSC_PT0001133_0_GHO_Procrastination.png,DSC_PT0001133_0_GHO_Procrastination.png,DSC_PT0001133_1_GHO_Procrastination.png,DSC_PT0001133_2_GHO_Procrastination.png,DSC_PT0001133_D1_GHO_Procrastination.png,DSC_PT0001133_0_MOD_Procrastination.png,
PT0001134+_202500,DSC_PT0001134_0_GHO_Procrastination.png,DSC_PT0001134_0_GHO_Procrastination.png,DSC_PT0001134_1_GHO_Procrastination.png,DSC_PT0001134_2_GHO_Procrastination.png,DSC_PT0001134_0_MOD_Procrastination.png,,DSC_PT0001134_0_PLP_Procrastination.png
PT0001135+_202500,DSC_PT0001135_0_GHO_Procrastination.png,DSC_PT0001135_0_GHO_Procrastination.png,DSC_PT0001135_1_GHO_Procrastination.png,DSC_PT0001135_2_GHO_Procrastination.png,DSC_PT0001135_0_MOD_Procrastination.png,,DSC_PT0001135_0_PLP_Procrastination.png
PT0001136+_202500,DSC_PT0001136_0_GHO_Procrastination.png,DSC_PT0001136_0_GHO_Procrastination.png,DSC_PT0001136_1_GHO_Procrastination.png,DSC_PT0001136_2_GHO_Procrastination.png,DSC_PT0001136_D1_GHO_Procrastination.png,DSC_PT0001136_0_MOD_Procrastination.png,
PT0001138+_202500,DSC_PT0001138_3_GHO_Procrastination.png,DSC_PT0001138_1_GHO_Procrastination.png,DSC_PT0001138_2_GHO_Procrastination.png,DSC_PT0001138_0_MOD_Procrastination.png,,,
IW0001139+_202500,DSC_IW0001139_3_GHO_Interpretive.png,DSC_IW0001139_1_GHO_Interpretive.png,DSC_IW0001139_2_GHO_Interpretive.png,DSC_IW0001139_D1_GHO_Interpretive.png,DSC_IW0001139_0_MOD_Interpretive.png,,DSC_IW0001139_0_PLP_Interpretive.png
IW0001140+_202500,DSC_IW0001140_3_GHO_Interpretive.png,DSC_IW0001140_1_GHO_Interpretive.png,DSC_IW0001140_2_GHO_Interpretive.png,DSC_IW0001140_D1_GHO_Interpretive.png,DSC_IW0001140_0_MOD_Interpretive.png,,DSC_IW0001140_0_PLP_Interpretive.png
IW0001141+_202500,DSC_IW0001141_0_GHO_Interpretive.png,DSC_IW0001141_0_GHO_Interpretive.png,DSC_IW0001141_1_GHO_Interpretive.png,DSC_IW0001141_2_GHO_Interpretive.png,DSC_IW0001141_0_MOD_Interpretive.png,,
IW0001142+_202500,DSC_IW0001142_0_GHO_Interpretive.png,DSC_IW0001142_0_GHO_Interpretive.png,DSC_IW0001142_1_GHO_Interpretive.png,DSC_IW0001142_2_GHO_Interpretive.png,DSC_IW0001142_D1_GHO_Interpretive.png,DSC_IW0001142_0_MOD_Interpretive.png,
IW0001143+_202500,DSC_IW0001143_3_GHO_Interpretive.png,DSC_IW0001143_1_GHO_Interpretive.png,DSC_IW0001143_2_GHO_Interpretive.png,DSC_IW0001143_D1_GHO_Interpretive.png,DSC_IW0001143_0_MOD_Interpretive.png,,DSC_IW0001143_0_PLP_Interpretive.png
HF0001144+_202500,DSC_HF0001144_3_GHO_Haunted.png,DSC_HF0001144_1_GHO_Haunted.png,DSC_HF0001144_2_GHO_Haunted.png,,,,
HF0001145+_202500,DSC_HF0001145_3_GHO_Haunted.png,DSC_HF0001145_1_GHO_Haunted.png,DSC_HF0001145_2_GHO_Haunted.png,,,,DSC_HF0001145_0_PLP_Haunted.png
HF0001146+_202500,DSC_HF0001146_0_GHO_Haunted.png,DSC_HF0001146_0_GHO_Haunted.png,DSC_HF0001146_1_GHO_Haunted.png,DSC_HF0001146_2_GHO_Haunted.png,,,
HF0001147+_202500,DSC_HF0001147_3_GHO_Haunted.png,DSC_HF0001147_1_GHO_Haunted.png,DSC_HF0001147_2_GHO_Haunted.png,,,,
HF0001148+_202500,DSC_HF0001148_0_GHO_Haunted.png,DSC_HF0001148_0_GHO_Haunted.png,DSC_HF0001148_1_GHO_Haunted.png,DSC_HF0001148_2_GHO_Haunted.png,,,DSC_HF0001148_0_PLP_Haunted.png
HF0001149+_202500,DSC_HF0001149_0_GHO_Haunted.png,DSC_HF0001149_0_GHO_Haunted.png,DSC_HF0001149_1_GHO_Haunted.png,DSC_HF0001149_2_GHO_Haunted.png,,,
HF0001150+_202500,DSC_HF0001150_0_GHO_Haunted.png,DSC_HF0001150_0_GHO_Haunted.png,DSC_HF0001150_1_GHO_Haunted.png,DSC_HF0001150_2_GHO_Haunted.png,,,
HF0001151+_202500,DSC_HF0001151_0_GHO_Haunted.png,DSC_HF0001151_0_GHO_Haunted.png,DSC_HF0001151_1_GHO_Haunted.png,DSC_HF0001151_2_GHO_Haunted.png,,,
AS0001152+_202500,DSC_AS0001152_0_GHO_Ambivalent.png,DSC_AS0001152_0_GHO_Ambivalent.png,DSC_AS0001152_1_GHO_Ambivalent.png,DSC_AS0001152_2_GHO_Ambivalent.png,DSC_AS0001152_D1_GHO_Ambivalent.png,DSC_AS0001152_0_MOD_Ambivalent.png,
AS0001153+_202500,DSC_AS0001153_0_GHO_Ambivalent.png,DSC_AS0001153_0_GHO_Ambivalent.png,DSC_AS0001153_1_GHO_Ambivalent.png,DSC_AS0001153_2_GHO_Ambivalent.png,DSC_AS0001153_D1_GHO_Ambivalent.png,DSC_AS0001153_0_MOD_Ambivalent.png,
AS0001154+_202500,DSC_AS0001154_0_GHO_Ambivalent.png,DSC_AS0001154_0_GHO_Ambivalent.png,DSC_AS0001154_1_GHO_Ambivalent.png,DSC_AS0001154_2_GHO_Ambivalent.png,DSC_AS0001154_D1_GHO_Ambivalent.png,DSC_AS0001154_0_MOD_Ambivalent.png,DSC_AS0001154_0_PLP_Ambivalent.png
AS0001155+_202500,DSC_AS0001155_0_GHO_Ambivalent.png,DSC_AS0001155_0_GHO_Ambivalent.png,DSC_AS0001155_1_GHO_Ambivalent.png,DSC_AS0001155_2_GHO_Ambivalent.png,DSC_AS0001155_0_MOD_Ambivalent.png,,DSC_AS0001155_0_PLP_Ambivalent.png
AS0001156+_202500,DSC_AS0001156_0_GHO_Ambivalent.png,DSC_AS0001156_0_GHO_Ambivalent.png,DSC_AS0001156_1_GHO_Ambivalent.png,DSC_AS0001156_2_GHO_Ambivalent.png,DSC_AS0001156_0_MOD_Ambivalent.png,,
SB0001157+_202600,DSC_SB0001157_0_GHO_Suspicious.png,DSC_SB0001157_0_GHO_Suspicious.png,DSC_SB0001157_1_GHO_Suspicious.png,DSC_SB0001157_2_GHO_Suspicious.png,DSC_SB0001157_D1_GHO_Suspicious.png,DSC_SB0001157_0_MOD_Suspicious.png,
SB0001159+_202600,DSC_SB0001159_0_GHO_Suspicious.png,DSC_SB0001159_0_GHO_Suspicious.png,DSC_SB0001159_1_GHO_Suspicious.png,DSC_SB0001159_2_GHO_Suspicious.png,DSC_SB0001159_0_MOD_Suspicious.png,,DSC_SB0001159_0_PLP_Suspicious.png
SB0001160+_202600,DSC_SB0001160_0_GHO_Suspicious.png,DSC_SB0001160_0_GHO_Suspicious.png,DSC_SB0001160_1_GHO_Suspicious.png,DSC_SB0001160_2_GHO_Suspicious.png,DSC_SB0001160_0_MOD_Suspicious.png,,
SB0001161+_202600,DSC_SB0001161_0_GHO_Suspicious.png,DSC_SB0001161_0_GHO_Suspicious.png,DSC_SB0001161_1_GHO_Suspicious.png,DSC_SB0001161_2_GHO_Suspicious.png,DSC_SB0001161_D1_GHO_Suspicious.png,DSC_SB0001161_0_MOD_Suspicious.png,
ED0001162+_202600,DSC_ED0001162_0_GHO_Elastic.png,DSC_ED0001162_0_GHO_Elastic.png,DSC_ED0001162_1_GHO_Elastic.png,DSC_ED0001162_2_GHO_Elastic.png,DSC_ED0001162_D1_GHO_Elastic.png,DSC_ED0001162_0_MOD_Elastic.png,DSC_ED0001162_0_PLP_Elastic.png
ED0001163+_202600,DSC_ED0001163_0_GHO_Elastic.png,DSC_ED0001163_0_GHO_Elastic.png,DSC_ED0001163_1_GHO_Elastic.png,DSC_ED0001163_2_GHO_Elastic.png,DSC_ED0001163_D1_GHO_Elastic.png,DSC_ED0001163_0_MOD_Elastic.png,
ED0001164+_202600,DSC_ED0001164_0_GHO_Elastic.png,DSC_ED0001164_0_GHO_Elastic.png,DSC_ED0001164_1_GHO_Elastic.png,DSC_ED0001164_2_GHO_Elastic.png,DSC_ED0001164_0_MOD_Elastic.png,,DSC_ED0001164_0_PLP_Elastic.png
ED0001165+_202600,DSC_ED0001165_0_GHO_Elastic.png,DSC_ED0001165_0_GHO_Elastic.png,DSC_ED0001165_1_GHO_Elastic.png,DSC_ED0001165_2_GHO_Elastic.png,DSC_ED0001165_D1_GHO_Elastic.png,DSC_ED0001165_0_MOD_Elastic.png,
ED0001166+_202600,DSC_ED0001166_3_GHO_Elastic.png,DSC_ED0001166_1_GHO_Elastic.png,DSC_ED0001166_2_GHO_Elastic.png,DSC_ED0001166_D1_GHO_Elastic.png,DSC_ED0001166_0_MOD_Elastic.png,,
ED0001167+_202600,DSC_ED0001167_0_GHO_Elastic.png,DSC_ED0001167_0_GHO_Elastic.png,DSC_ED0001167_1_GHO_Elastic.png,DSC_ED0001167_2_GHO_Elastic.png,DSC_ED0001167_D1_GHO_Elastic.png,DSC_ED0001167_0_MOD_Elastic.png,DSC_ED0001167_0_PLP_Elastic.png
NF0001168+_202600,DSC_NF0001168_3_GHO_Nostalgic.png,DSC_NF0001168_1_GHO_Nostalgic.png,DSC_NF0001168_2_GHO_Nostalgic.png,DSC_NF0001168_D1_GHO_Nostalgic.png,DSC_NF0001168_0_MOD_Nostalgic.png,,
NF0001169+_202600,DSC_NF0001169_3_GHO_Nostalgic.png,DSC_NF0001169_1_GHO_Nostalgic.png,DSC_NF0001169_2_GHO_Nostalgic.png,DSC_NF0001169_D1_GHO_Nostalgic.png,DSC_NF0001169_0_MOD_Nostalgic.png,,
NF0001170+_202600,DSC_NF0001170_0_GHO_Nostalgic.png,DSC_NF0001170_0_GHO_Nostalgic.png,DSC_NF0001170_1_GHO_Nostalgic.png,DSC_NF0001170_2_GHO_Nostalgic.png,DSC_NF0001170_0_MOD_Nostalgic.png,,DSC_NF0001170_0_PLP_Nostalgic.png
NF0001171+_202600,DSC_NF0001171_0_GHO_Nostalgic.png,DSC_NF0001171_0_GHO_Nostalgic.png,DSC_NF0001171_1_GHO_Nostalgic.png,DSC_NF0001171_2_GHO_Nostalgic.png,DSC_NF0001171_D1_GHO_Nostalgic.png,DSC_NF0001171_0_MOD_Nostalgic.png,
NF0001173+_202600,DSC_NF0001173_0_GHO_Nostalgic.png,DSC_NF0001173_0_GHO_Nostalgic.png,DSC_NF0001173_1_GHO_Nostalgic.png,DSC_NF0001173_2_GHO_Nostalgic.png,DSC_NF0001173_D1_GHO_Nostalgic.png,DSC_NF0001173_0_MOD_Nostalgic.png,
DC0001174+_202600,DSC_DC0001174_3_GHO_Diplomatic.png,DSC_DC0001174_1_GHO_Diplomatic.png,DSC_DC0001174_2_GHO_Diplomatic.png,DSC_DC0001174_D1_GHO_Diplomatic.png,DSC_DC0001174_0_MOD_Diplomatic.png,,
DC0001175+_202600,DSC_DC0001175_0_GHO_Diplomatic.png,DSC_DC0001175_0_GHO_Diplomatic.png,DSC_DC0001175_1_GHO_Diplomatic.png,DSC_DC0001175_2_GHO_Diplomatic.png,DSC_DC0001175_0_MOD_Diplomatic.png,,
DC0001176+_202600,DSC_DC0001176_0_GHO_Diplomatic.png,DSC_DC0001176_0_GHO_Diplomatic.png,DSC_DC0001176_1_GHO_Diplomatic.png,DSC_DC0001176_2_GHO_Diplomatic.png,DSC_DC0001176_0_MOD_Diplomatic.png,,
DC0001177+_202600,DSC_DC0001177_0_GHO_Diplomatic.png,DSC_DC0001177_0_GHO_Diplomatic.png,DSC_DC0001177_1_GHO_Diplomatic.png,DSC_DC0001177_2_GHO_Diplomatic.png,DSC_DC0001177_D1_GHO_Diplomatic.png,DSC_DC0001177_0_MOD_Diplomatic.png,
DC0001178+_202600,DSC_DC0001178_0_GHO_Diplomatic.png,DSC_DC0001178_0_GHO_Diplomatic.png,DSC_DC0001178_1_GHO_Diplomatic.png,DSC_DC0001178_2_GHO_Diplomatic.png,DSC_DC0001178_D1_GHO_Diplomatic.png,DSC_DC0001178_0_MOD_Diplomatic.png,
DC0001179+_202600,DSC_DC0001179_3_GHO_Diplomatic.png,DSC_DC0001179_1_GHO_Diplomatic.png,DSC_DC0001179_2_GHO_Diplomatic.png,DSC_DC0001179_0_MOD_Diplomatic.png,,,
VC0001180+_202500,DSC_VC0001180_3_GHO_Vegan.png,DSC_VC0001180_1_GHO_Vegan.png,DSC_VC0001180_2_GHO_Vegan.png,DSC_VC0001180_0_MOD_Vegan.png,,,DSC_VC0001180_0_PLP_Vegan.png
VC0001181+_202500,DSC_VC0001181_0_GHO_Vegan.png,DSC_VC0001181_0_GHO_Vegan.png,DSC_VC0001181_1_GHO_Vegan.png,DSC_VC0001181_2_GHO_Vegan.png,DSC_VC0001181_D1_GHO_Vegan.png,DSC_VC0001181_0_MOD_Vegan.png,
VC0001182+_202500,DSC_VC0001182_0_GHO_Vegan.png,DSC_VC0001182_0_GHO_Vegan.png,DSC_VC0001182_1_GHO_Vegan.png,DSC_VC0001182_2_GHO_Vegan.png,DSC_VC0001182_D1_GHO_Vegan.png,DSC_VC0001182_0_MOD_Vegan.png,
VC0001183+_202500,DSC_VC0001183_0_GHO_Vegan.png,DSC_VC0001183_0_GHO_Vegan.png,DSC_VC0001183_1_GHO_Vegan.png,DSC_VC0001183_2_GHO_Vegan.png,DSC_VC0001183_0_MOD_Vegan.png,,
VC0001184+_202500,DSC_VC0001184_3_GHO_Vegan.png,DSC_VC0001184_1_GHO_Vegan.png,DSC_VC0001184_2_GHO_Vegan.png,DSC_VC0001184_0_MOD_Vegan.png,,,DSC_VC0001184_0_PLP_Vegan.png
VC0001185+_202500,DSC_VC0001185_0_GHO_Vegan.png,DSC_VC0001185_0_GHO_Vegan.png,DSC_VC0001185_1_GHO_Vegan.png,DSC_VC0001185_2_GHO_Vegan.png,DSC_VC0001185_D1_GHO_Vegan.png,DSC_VC0001185_0_MOD_Vegan.png,DSC_VC0001185_0_PLP_Vegan.png
IM0001187+_202600,DSC_IM0001187_0_GHO_Introverted.png,DSC_IM0001187_0_GHO_Introverted.png,DSC_IM0001187_1_GHO_Introverted.png,DSC_IM0001187_2_GHO_Introverted.png,DSC_IM0001187_0_MOD_Introverted.png,,
IM0001188+_202600,DSC_IM0001188_3_GHO_Introverted.png,DSC_IM0001188_1_GHO_Introverted.png,DSC_IM0001188_2_GHO_Introverted.png,DSC_IM0001188_D1_GHO_Introverted.png,DSC_IM0001188_0_MOD_Introverted.png,,
IM0001190+_202600,DSC_IM0001190_0_GHO_Introverted.png,DSC_IM0001190_0_GHO_Introverted.png,DSC_IM0001190_1_GHO_Introverted.png,DSC_IM0001190_2_GHO_Introverted.png,DSC_IM0001190_0_MOD_Introverted.png,,DSC_IM0001190_0_PLP_Introverted.png
IM0001191+_202600,DSC_IM0001191_0_GHO_Introverted.png,DSC_IM0001191_0_GHO_Introverted.png,DSC_IM0001191_1_GHO_Introverted.png,DSC_IM0001191_2_GHO_Introverted.png,DSC_IM0001191_0_MOD_Introverted.png,,
IM0001192+_202600,DSC_IM0001192_0_GHO_Introverted.png,DSC_IM0001192_0_GHO_Introverted.png,DSC_IM0001192_1_GHO_Introverted.png,DSC_IM0001192_2_GHO_Introverted.png,DSC_IM0001192_D1_GHO_Introverted.png,DSC_IM0001192_0_MOD_Introverted.png,
GH0001193+_202600,DSC_GH0001193_3_GHO_Gluten-Free.png,DSC_GH0001193_1_GHO_Gluten-Free.png,DSC_GH0001193_2_GHO_Gluten-Free.png,DSC_GH0001193_0_MOD_Gluten-Free.png,,,DSC_GH0001193_0_PLP_Gluten-Free.png
GH0001194+_202600,DSC_GH0001194_0_GHO_Gluten-Free.png,DSC_GH0001194_0_GHO_Gluten-Free.png,DSC_GH0001194_1_GHO_Gluten-Free.png,DSC_GH0001194_2_GHO_Gluten-Free.png,DSC_GH0001194_0_MOD_Gluten-Free.png,,
GH0001195+_202600,DSC_GH0001195_0_GHO_Gluten-Free.png,DSC_GH0001195_0_GHO_Gluten-Free.png,DSC_GH0001195_1_GHO_Gluten-Free.png,DSC_GH0001195_2_GHO_Gluten-Free.png,DSC_GH0001195_0_MOD_Gluten-Free.png,,DSC_GH0001195_0_PLP_Gluten-Free.png
GH0001196+_202600,DSC_GH0001196_3_GHO_Gluten-Free.png,DSC_GH0001196_1_GHO_Gluten-Free.png,DSC_GH0001196_2_GHO_Gluten-Free.png,DSC_GH0001196_D1_GHO_Gluten-Free.png,DSC_GH0001196_0_MOD_Gluten-Free.png,,DSC_GH0001196_0_PLP_Gluten-Free.png
GH0001198+_202600,DSC_GH0001198_0_GHO_Gluten-Free.png,DSC_GH0001198_0_GHO_Gluten-Free.png,DSC_GH0001198_1_GHO_Gluten-Free.png,DSC_GH0001198_2_GHO_Gluten-Free.png,DSC_GH0001198_D1_GHO_Gluten-Free.png,DSC_GH0001198_0_MOD_Gluten-Free.png,
GH0001199+_202600,DSC_GH0001199_0_GHO_Gluten-Free.png,DSC_GH0001199_0_GHO_Gluten-Free.png,DSC_GH0001199_1_GHO_Gluten-Free.png,DSC_GH0001199_2_GHO_Gluten-Free.png,DSC_GH0001199_0_MOD_Gluten-Free.png,,
GH0001200+_202600,DSC_GH0001200_0_GHO_Gluten-Free.png,DSC_GH0001200_0_GHO_Gluten-Free.png,DSC_GH0001200_1_GHO_Gluten-Free.png,DSC_GH0001200_2_GHO_Gluten-Free.png,DSC_GH0001200_0_MOD_Gluten-Free.png,,
GH0001201+_202600,DSC_GH0001201_0_GHO_Gluten-Free.png,DSC_GH0001201_0_GHO_Gluten-Free.png,DSC_GH0001201_1_GHO_Gluten-Free.png,DSC_GH0001201_2_GHO_Gluten-Free.png,DSC_GH0001201_0_MOD_Gluten-Free.png,,
EB0001202+_202500,DSC_EB0001202_0_GHO_Ergonomic.png,DSC_EB0001202_0_GHO_Ergonomic.png,DSC_EB0001202_1_GHO_Ergonomic.png,DSC_EB0001202_2_GHO_Ergonomic.png,,,DSC_EB0001202_0_PLP_Ergonomic.png
EB0001203+_202500,DSC_EB0001203_0_GHO_Ergonomic.png,DSC_EB0001203_0_GHO_Ergonomic.png,DSC_EB0001203_1_GHO_Ergonomic.png,DSC_EB0001203_2_GHO_Ergonomic.png,,,
EB0001204+_202500,DSC_EB0001204_3_GHO_Ergonomic.png,DSC_EB0001204_1_GHO_Ergonomic.png,DSC_EB0001204_2_GHO_Ergonomic.png,,,,
EB0001205+_202500,DSC_EB0001205_0_GHO_Ergonomic.png,DSC_EB0001205_0_GHO_Ergonomic.png,DSC_EB0001205_1_GHO_Ergonomic.png,DSC_EB0001205_2_GHO_Ergonomic.png,,,DSC_EB0001205_0_PLP_Ergonomic.png
EB0001206+_202500,DSC_EB0001206_0_GHO_Ergonomic.png,DSC_EB0001206_0_GHO_Ergonomic.png,DSC_EB0001206_1_GHO_Ergonomic.png,DSC_EB0001206_2_GHO_Ergonomic.png,,,
EB0001207+_202500,DSC_EB0001207_0_GHO_Ergonomic.png,DSC_EB0001207_0_GHO_Ergonomic.png,DSC_EB0001207_1_GHO_Ergonomic.png,DSC_EB0001207_2_GHO_Ergonomic.png,,,
EB0001208+_202500,DSC_EB0001208_0_GHO_Ergonomic.png,DSC_EB0001208_0_GHO_Ergonomic.png,DSC_EB0001208_1_GHO_Ergonomic.png,DSC_EB0001208_2_GHO_Ergonomic.png,,,
EB0001209+_202500,DSC_EB0001209_0_GHO_Ergonomic.png,DSC_EB0001209_0_GHO_Ergonomic.png,DSC_EB0001209_1_GHO_Ergonomic.png,DSC_EB0001209_2_GHO_Ergonomic.png,,,
EB0001210+_202500,DSC_EB0001210_0_GHO_Ergonomic.png,DSC_EB0001210_0_GHO_Ergonomic.png,DSC_EB0001210_1_GHO_Ergonomic.png,DSC_EB0001210_2_GHO_Ergonomic.png,,,
